record_id,split,group_id,specialization,grade,topic,question_id,answer_quality_band
rec_be_junior_http_rest_001_empty_01,train,be_junior_http_rest_001,backend,junior,http_rest,be_junior_http_rest_001,empty
rec_be_junior_http_rest_001_weak_01,test,be_junior_http_rest_001,backend,junior,http_rest,be_junior_http_rest_001,weak
rec_be_junior_http_rest_001_medium_01,eval,be_junior_http_rest_001,backend,junior,http_rest,be_junior_http_rest_001,medium
rec_be_junior_http_rest_001_good_01,train,be_junior_http_rest_001,backend,junior,http_rest,be_junior_http_rest_001,good
rec_be_junior_http_rest_001_strong_01,train,be_junior_http_rest_001,backend,junior,http_rest,be_junior_http_rest_001,strong
rec_be_junior_http_rest_002_empty_01,test,be_junior_http_rest_002,backend,junior,http_rest,be_junior_http_rest_002,empty
rec_be_junior_http_rest_002_weak_01,train,be_junior_http_rest_002,backend,junior,http_rest,be_junior_http_rest_002,weak
rec_be_junior_http_rest_002_medium_01,train,be_junior_http_rest_002,backend,junior,http_rest,be_junior_http_rest_002,medium
rec_be_junior_http_rest_002_good_01,train,be_junior_http_rest_002,backend,junior,http_rest,be_junior_http_rest_002,good
rec_be_junior_http_rest_002_strong_01,eval,be_junior_http_rest_002,backend,junior,http_rest,be_junior_http_rest_002,strong
rec_be_junior_http_rest_003_empty_01,eval,be_junior_http_rest_003,backend,junior,http_rest,be_junior_http_rest_003,empty
rec_be_junior_http_rest_003_weak_01,train,be_junior_http_rest_003,backend,junior,http_rest,be_junior_http_rest_003,weak
rec_be_junior_http_rest_003_medium_01,test,be_junior_http_rest_003,backend,junior,http_rest,be_junior_http_rest_003,medium
rec_be_junior_http_rest_003_good_01,train,be_junior_http_rest_003,backend,junior,http_rest,be_junior_http_rest_003,good
rec_be_junior_http_rest_003_strong_01,train,be_junior_http_rest_003,backend,junior,http_rest,be_junior_http_rest_003,strong
rec_be_junior_http_rest_004_empty_01,eval,be_junior_http_rest_004,backend,junior,http_rest,be_junior_http_rest_004,empty
rec_be_junior_http_rest_004_weak_01,train,be_junior_http_rest_004,backend,junior,http_rest,be_junior_http_rest_004,weak
rec_be_junior_http_rest_004_medium_01,test,be_junior_http_rest_004,backend,junior,http_rest,be_junior_http_rest_004,medium
rec_be_junior_http_rest_004_good_01,train,be_junior_http_rest_004,backend,junior,http_rest,be_junior_http_rest_004,good
rec_be_junior_http_rest_004_strong_01,train,be_junior_http_rest_004,backend,junior,http_rest,be_junior_http_rest_004,strong
rec_be_junior_auth_jwt_001_empty_01,train,be_junior_auth_jwt_001,backend,junior,auth_jwt,be_junior_auth_jwt_001,empty
rec_be_junior_auth_jwt_001_weak_01,test,be_junior_auth_jwt_001,backend,junior,auth_jwt,be_junior_auth_jwt_001,weak
rec_be_junior_auth_jwt_001_medium_01,eval,be_junior_auth_jwt_001,backend,junior,auth_jwt,be_junior_auth_jwt_001,medium
rec_be_junior_auth_jwt_001_good_01,train,be_junior_auth_jwt_001,backend,junior,auth_jwt,be_junior_auth_jwt_001,good
rec_be_junior_auth_jwt_001_strong_01,train,be_junior_auth_jwt_001,backend,junior,auth_jwt,be_junior_auth_jwt_001,strong
rec_be_junior_auth_jwt_002_empty_01,train,be_junior_auth_jwt_002,backend,junior,auth_jwt,be_junior_auth_jwt_002,empty
rec_be_junior_auth_jwt_002_weak_01,train,be_junior_auth_jwt_002,backend,junior,auth_jwt,be_junior_auth_jwt_002,weak
rec_be_junior_auth_jwt_002_medium_01,train,be_junior_auth_jwt_002,backend,junior,auth_jwt,be_junior_auth_jwt_002,medium
rec_be_junior_auth_jwt_002_good_01,eval,be_junior_auth_jwt_002,backend,junior,auth_jwt,be_junior_auth_jwt_002,good
rec_be_junior_auth_jwt_002_strong_01,test,be_junior_auth_jwt_002,backend,junior,auth_jwt,be_junior_auth_jwt_002,strong
rec_be_junior_auth_jwt_003_empty_01,train,be_junior_auth_jwt_003,backend,junior,auth_jwt,be_junior_auth_jwt_003,empty
rec_be_junior_auth_jwt_003_weak_01,test,be_junior_auth_jwt_003,backend,junior,auth_jwt,be_junior_auth_jwt_003,weak
rec_be_junior_auth_jwt_003_medium_01,eval,be_junior_auth_jwt_003,backend,junior,auth_jwt,be_junior_auth_jwt_003,medium
rec_be_junior_auth_jwt_003_good_01,train,be_junior_auth_jwt_003,backend,junior,auth_jwt,be_junior_auth_jwt_003,good
rec_be_junior_auth_jwt_003_strong_01,train,be_junior_auth_jwt_003,backend,junior,auth_jwt,be_junior_auth_jwt_003,strong
rec_be_junior_auth_jwt_004_empty_01,train,be_junior_auth_jwt_004,backend,junior,auth_jwt,be_junior_auth_jwt_004,empty
rec_be_junior_auth_jwt_004_weak_01,test,be_junior_auth_jwt_004,backend,junior,auth_jwt,be_junior_auth_jwt_004,weak
rec_be_junior_auth_jwt_004_medium_01,eval,be_junior_auth_jwt_004,backend,junior,auth_jwt,be_junior_auth_jwt_004,medium
rec_be_junior_auth_jwt_004_good_01,train,be_junior_auth_jwt_004,backend,junior,auth_jwt,be_junior_auth_jwt_004,good
rec_be_junior_auth_jwt_004_strong_01,train,be_junior_auth_jwt_004,backend,junior,auth_jwt,be_junior_auth_jwt_004,strong
rec_be_junior_sql_indexes_001_empty_01,train,be_junior_sql_indexes_001,backend,junior,sql_indexes,be_junior_sql_indexes_001,empty
rec_be_junior_sql_indexes_001_weak_01,train,be_junior_sql_indexes_001,backend,junior,sql_indexes,be_junior_sql_indexes_001,weak
rec_be_junior_sql_indexes_001_medium_01,train,be_junior_sql_indexes_001,backend,junior,sql_indexes,be_junior_sql_indexes_001,medium
rec_be_junior_sql_indexes_001_good_01,eval,be_junior_sql_indexes_001,backend,junior,sql_indexes,be_junior_sql_indexes_001,good
rec_be_junior_sql_indexes_001_strong_01,test,be_junior_sql_indexes_001,backend,junior,sql_indexes,be_junior_sql_indexes_001,strong
rec_be_junior_sql_indexes_002_empty_01,train,be_junior_sql_indexes_002,backend,junior,sql_indexes,be_junior_sql_indexes_002,empty
rec_be_junior_sql_indexes_002_weak_01,eval,be_junior_sql_indexes_002,backend,junior,sql_indexes,be_junior_sql_indexes_002,weak
rec_be_junior_sql_indexes_002_medium_01,train,be_junior_sql_indexes_002,backend,junior,sql_indexes,be_junior_sql_indexes_002,medium
rec_be_junior_sql_indexes_002_good_01,test,be_junior_sql_indexes_002,backend,junior,sql_indexes,be_junior_sql_indexes_002,good
rec_be_junior_sql_indexes_002_strong_01,train,be_junior_sql_indexes_002,backend,junior,sql_indexes,be_junior_sql_indexes_002,strong
rec_be_junior_sql_indexes_003_empty_01,train,be_junior_sql_indexes_003,backend,junior,sql_indexes,be_junior_sql_indexes_003,empty
rec_be_junior_sql_indexes_003_weak_01,train,be_junior_sql_indexes_003,backend,junior,sql_indexes,be_junior_sql_indexes_003,weak
rec_be_junior_sql_indexes_003_medium_01,train,be_junior_sql_indexes_003,backend,junior,sql_indexes,be_junior_sql_indexes_003,medium
rec_be_junior_sql_indexes_003_good_01,eval,be_junior_sql_indexes_003,backend,junior,sql_indexes,be_junior_sql_indexes_003,good
rec_be_junior_sql_indexes_003_strong_01,test,be_junior_sql_indexes_003,backend,junior,sql_indexes,be_junior_sql_indexes_003,strong
rec_be_junior_sql_indexes_004_empty_01,train,be_junior_sql_indexes_004,backend,junior,sql_indexes,be_junior_sql_indexes_004,empty
rec_be_junior_sql_indexes_004_weak_01,train,be_junior_sql_indexes_004,backend,junior,sql_indexes,be_junior_sql_indexes_004,weak
rec_be_junior_sql_indexes_004_medium_01,train,be_junior_sql_indexes_004,backend,junior,sql_indexes,be_junior_sql_indexes_004,medium
rec_be_junior_sql_indexes_004_good_01,eval,be_junior_sql_indexes_004,backend,junior,sql_indexes,be_junior_sql_indexes_004,good
rec_be_junior_sql_indexes_004_strong_01,test,be_junior_sql_indexes_004,backend,junior,sql_indexes,be_junior_sql_indexes_004,strong
rec_be_junior_transactions_001_empty_01,eval,be_junior_transactions_001,backend,junior,transactions,be_junior_transactions_001,empty
rec_be_junior_transactions_001_weak_01,train,be_junior_transactions_001,backend,junior,transactions,be_junior_transactions_001,weak
rec_be_junior_transactions_001_medium_01,test,be_junior_transactions_001,backend,junior,transactions,be_junior_transactions_001,medium
rec_be_junior_transactions_001_good_01,train,be_junior_transactions_001,backend,junior,transactions,be_junior_transactions_001,good
rec_be_junior_transactions_001_strong_01,train,be_junior_transactions_001,backend,junior,transactions,be_junior_transactions_001,strong
rec_be_junior_transactions_002_empty_01,train,be_junior_transactions_002,backend,junior,transactions,be_junior_transactions_002,empty
rec_be_junior_transactions_002_weak_01,eval,be_junior_transactions_002,backend,junior,transactions,be_junior_transactions_002,weak
rec_be_junior_transactions_002_medium_01,train,be_junior_transactions_002,backend,junior,transactions,be_junior_transactions_002,medium
rec_be_junior_transactions_002_good_01,test,be_junior_transactions_002,backend,junior,transactions,be_junior_transactions_002,good
rec_be_junior_transactions_002_strong_01,train,be_junior_transactions_002,backend,junior,transactions,be_junior_transactions_002,strong
rec_be_junior_transactions_003_empty_01,train,be_junior_transactions_003,backend,junior,transactions,be_junior_transactions_003,empty
rec_be_junior_transactions_003_weak_01,test,be_junior_transactions_003,backend,junior,transactions,be_junior_transactions_003,weak
rec_be_junior_transactions_003_medium_01,eval,be_junior_transactions_003,backend,junior,transactions,be_junior_transactions_003,medium
rec_be_junior_transactions_003_good_01,train,be_junior_transactions_003,backend,junior,transactions,be_junior_transactions_003,good
rec_be_junior_transactions_003_strong_01,train,be_junior_transactions_003,backend,junior,transactions,be_junior_transactions_003,strong
rec_be_junior_transactions_004_empty_01,eval,be_junior_transactions_004,backend,junior,transactions,be_junior_transactions_004,empty
rec_be_junior_transactions_004_weak_01,train,be_junior_transactions_004,backend,junior,transactions,be_junior_transactions_004,weak
rec_be_junior_transactions_004_medium_01,test,be_junior_transactions_004,backend,junior,transactions,be_junior_transactions_004,medium
rec_be_junior_transactions_004_good_01,train,be_junior_transactions_004,backend,junior,transactions,be_junior_transactions_004,good
rec_be_junior_transactions_004_strong_01,train,be_junior_transactions_004,backend,junior,transactions,be_junior_transactions_004,strong
rec_be_junior_caching_001_empty_01,test,be_junior_caching_001,backend,junior,caching,be_junior_caching_001,empty
rec_be_junior_caching_001_weak_01,train,be_junior_caching_001,backend,junior,caching,be_junior_caching_001,weak
rec_be_junior_caching_001_medium_01,train,be_junior_caching_001,backend,junior,caching,be_junior_caching_001,medium
rec_be_junior_caching_001_good_01,train,be_junior_caching_001,backend,junior,caching,be_junior_caching_001,good
rec_be_junior_caching_001_strong_01,eval,be_junior_caching_001,backend,junior,caching,be_junior_caching_001,strong
rec_be_junior_caching_002_empty_01,train,be_junior_caching_002,backend,junior,caching,be_junior_caching_002,empty
rec_be_junior_caching_002_weak_01,test,be_junior_caching_002,backend,junior,caching,be_junior_caching_002,weak
rec_be_junior_caching_002_medium_01,eval,be_junior_caching_002,backend,junior,caching,be_junior_caching_002,medium
rec_be_junior_caching_002_good_01,train,be_junior_caching_002,backend,junior,caching,be_junior_caching_002,good
rec_be_junior_caching_002_strong_01,train,be_junior_caching_002,backend,junior,caching,be_junior_caching_002,strong
rec_be_junior_caching_003_empty_01,test,be_junior_caching_003,backend,junior,caching,be_junior_caching_003,empty
rec_be_junior_caching_003_weak_01,train,be_junior_caching_003,backend,junior,caching,be_junior_caching_003,weak
rec_be_junior_caching_003_medium_01,train,be_junior_caching_003,backend,junior,caching,be_junior_caching_003,medium
rec_be_junior_caching_003_good_01,train,be_junior_caching_003,backend,junior,caching,be_junior_caching_003,good
rec_be_junior_caching_003_strong_01,eval,be_junior_caching_003,backend,junior,caching,be_junior_caching_003,strong
rec_be_junior_caching_004_empty_01,eval,be_junior_caching_004,backend,junior,caching,be_junior_caching_004,empty
rec_be_junior_caching_004_weak_01,train,be_junior_caching_004,backend,junior,caching,be_junior_caching_004,weak
rec_be_junior_caching_004_medium_01,test,be_junior_caching_004,backend,junior,caching,be_junior_caching_004,medium
rec_be_junior_caching_004_good_01,train,be_junior_caching_004,backend,junior,caching,be_junior_caching_004,good
rec_be_junior_caching_004_strong_01,train,be_junior_caching_004,backend,junior,caching,be_junior_caching_004,strong
rec_be_middle_api_design_001_empty_01,test,be_middle_api_design_001,backend,middle,api_design,be_middle_api_design_001,empty
rec_be_middle_api_design_001_weak_01,train,be_middle_api_design_001,backend,middle,api_design,be_middle_api_design_001,weak
rec_be_middle_api_design_001_medium_01,train,be_middle_api_design_001,backend,middle,api_design,be_middle_api_design_001,medium
rec_be_middle_api_design_001_good_01,train,be_middle_api_design_001,backend,middle,api_design,be_middle_api_design_001,good
rec_be_middle_api_design_001_strong_01,eval,be_middle_api_design_001,backend,middle,api_design,be_middle_api_design_001,strong
rec_be_middle_api_design_002_empty_01,eval,be_middle_api_design_002,backend,middle,api_design,be_middle_api_design_002,empty
rec_be_middle_api_design_002_weak_01,train,be_middle_api_design_002,backend,middle,api_design,be_middle_api_design_002,weak
rec_be_middle_api_design_002_medium_01,test,be_middle_api_design_002,backend,middle,api_design,be_middle_api_design_002,medium
rec_be_middle_api_design_002_good_01,train,be_middle_api_design_002,backend,middle,api_design,be_middle_api_design_002,good
rec_be_middle_api_design_002_strong_01,train,be_middle_api_design_002,backend,middle,api_design,be_middle_api_design_002,strong
rec_be_middle_api_design_003_empty_01,test,be_middle_api_design_003,backend,middle,api_design,be_middle_api_design_003,empty
rec_be_middle_api_design_003_weak_01,train,be_middle_api_design_003,backend,middle,api_design,be_middle_api_design_003,weak
rec_be_middle_api_design_003_medium_01,train,be_middle_api_design_003,backend,middle,api_design,be_middle_api_design_003,medium
rec_be_middle_api_design_003_good_01,train,be_middle_api_design_003,backend,middle,api_design,be_middle_api_design_003,good
rec_be_middle_api_design_003_strong_01,eval,be_middle_api_design_003,backend,middle,api_design,be_middle_api_design_003,strong
rec_be_middle_api_design_004_empty_01,test,be_middle_api_design_004,backend,middle,api_design,be_middle_api_design_004,empty
rec_be_middle_api_design_004_weak_01,train,be_middle_api_design_004,backend,middle,api_design,be_middle_api_design_004,weak
rec_be_middle_api_design_004_medium_01,train,be_middle_api_design_004,backend,middle,api_design,be_middle_api_design_004,medium
rec_be_middle_api_design_004_good_01,train,be_middle_api_design_004,backend,middle,api_design,be_middle_api_design_004,good
rec_be_middle_api_design_004_strong_01,eval,be_middle_api_design_004,backend,middle,api_design,be_middle_api_design_004,strong
rec_be_middle_db_isolation_001_empty_01,train,be_middle_db_isolation_001,backend,middle,db_isolation,be_middle_db_isolation_001,empty
rec_be_middle_db_isolation_001_weak_01,train,be_middle_db_isolation_001,backend,middle,db_isolation,be_middle_db_isolation_001,weak
rec_be_middle_db_isolation_001_medium_01,train,be_middle_db_isolation_001,backend,middle,db_isolation,be_middle_db_isolation_001,medium
rec_be_middle_db_isolation_001_good_01,eval,be_middle_db_isolation_001,backend,middle,db_isolation,be_middle_db_isolation_001,good
rec_be_middle_db_isolation_001_strong_01,test,be_middle_db_isolation_001,backend,middle,db_isolation,be_middle_db_isolation_001,strong
rec_be_middle_db_isolation_002_empty_01,train,be_middle_db_isolation_002,backend,middle,db_isolation,be_middle_db_isolation_002,empty
rec_be_middle_db_isolation_002_weak_01,test,be_middle_db_isolation_002,backend,middle,db_isolation,be_middle_db_isolation_002,weak
rec_be_middle_db_isolation_002_medium_01,eval,be_middle_db_isolation_002,backend,middle,db_isolation,be_middle_db_isolation_002,medium
rec_be_middle_db_isolation_002_good_01,train,be_middle_db_isolation_002,backend,middle,db_isolation,be_middle_db_isolation_002,good
rec_be_middle_db_isolation_002_strong_01,train,be_middle_db_isolation_002,backend,middle,db_isolation,be_middle_db_isolation_002,strong
rec_be_middle_db_isolation_003_empty_01,train,be_middle_db_isolation_003,backend,middle,db_isolation,be_middle_db_isolation_003,empty
rec_be_middle_db_isolation_003_weak_01,eval,be_middle_db_isolation_003,backend,middle,db_isolation,be_middle_db_isolation_003,weak
rec_be_middle_db_isolation_003_medium_01,train,be_middle_db_isolation_003,backend,middle,db_isolation,be_middle_db_isolation_003,medium
rec_be_middle_db_isolation_003_good_01,test,be_middle_db_isolation_003,backend,middle,db_isolation,be_middle_db_isolation_003,good
rec_be_middle_db_isolation_003_strong_01,train,be_middle_db_isolation_003,backend,middle,db_isolation,be_middle_db_isolation_003,strong
rec_be_middle_db_isolation_004_empty_01,train,be_middle_db_isolation_004,backend,middle,db_isolation,be_middle_db_isolation_004,empty
rec_be_middle_db_isolation_004_weak_01,eval,be_middle_db_isolation_004,backend,middle,db_isolation,be_middle_db_isolation_004,weak
rec_be_middle_db_isolation_004_medium_01,train,be_middle_db_isolation_004,backend,middle,db_isolation,be_middle_db_isolation_004,medium
rec_be_middle_db_isolation_004_good_01,test,be_middle_db_isolation_004,backend,middle,db_isolation,be_middle_db_isolation_004,good
rec_be_middle_db_isolation_004_strong_01,train,be_middle_db_isolation_004,backend,middle,db_isolation,be_middle_db_isolation_004,strong
rec_be_middle_microservices_001_empty_01,train,be_middle_microservices_001,backend,middle,microservices,be_middle_microservices_001,empty
rec_be_middle_microservices_001_weak_01,eval,be_middle_microservices_001,backend,middle,microservices,be_middle_microservices_001,weak
rec_be_middle_microservices_001_medium_01,train,be_middle_microservices_001,backend,middle,microservices,be_middle_microservices_001,medium
rec_be_middle_microservices_001_good_01,test,be_middle_microservices_001,backend,middle,microservices,be_middle_microservices_001,good
rec_be_middle_microservices_001_strong_01,train,be_middle_microservices_001,backend,middle,microservices,be_middle_microservices_001,strong
rec_be_middle_microservices_002_empty_01,test,be_middle_microservices_002,backend,middle,microservices,be_middle_microservices_002,empty
rec_be_middle_microservices_002_weak_01,train,be_middle_microservices_002,backend,middle,microservices,be_middle_microservices_002,weak
rec_be_middle_microservices_002_medium_01,train,be_middle_microservices_002,backend,middle,microservices,be_middle_microservices_002,medium
rec_be_middle_microservices_002_good_01,train,be_middle_microservices_002,backend,middle,microservices,be_middle_microservices_002,good
rec_be_middle_microservices_002_strong_01,eval,be_middle_microservices_002,backend,middle,microservices,be_middle_microservices_002,strong
rec_be_middle_microservices_003_empty_01,eval,be_middle_microservices_003,backend,middle,microservices,be_middle_microservices_003,empty
rec_be_middle_microservices_003_weak_01,train,be_middle_microservices_003,backend,middle,microservices,be_middle_microservices_003,weak
rec_be_middle_microservices_003_medium_01,test,be_middle_microservices_003,backend,middle,microservices,be_middle_microservices_003,medium
rec_be_middle_microservices_003_good_01,train,be_middle_microservices_003,backend,middle,microservices,be_middle_microservices_003,good
rec_be_middle_microservices_003_strong_01,train,be_middle_microservices_003,backend,middle,microservices,be_middle_microservices_003,strong
rec_be_middle_microservices_004_empty_01,eval,be_middle_microservices_004,backend,middle,microservices,be_middle_microservices_004,empty
rec_be_middle_microservices_004_weak_01,train,be_middle_microservices_004,backend,middle,microservices,be_middle_microservices_004,weak
rec_be_middle_microservices_004_medium_01,test,be_middle_microservices_004,backend,middle,microservices,be_middle_microservices_004,medium
rec_be_middle_microservices_004_good_01,train,be_middle_microservices_004,backend,middle,microservices,be_middle_microservices_004,good
rec_be_middle_microservices_004_strong_01,train,be_middle_microservices_004,backend,middle,microservices,be_middle_microservices_004,strong
rec_be_middle_messaging_outbox_001_empty_01,train,be_middle_messaging_outbox_001,backend,middle,messaging_outbox,be_middle_messaging_outbox_001,empty
rec_be_middle_messaging_outbox_001_weak_01,train,be_middle_messaging_outbox_001,backend,middle,messaging_outbox,be_middle_messaging_outbox_001,weak
rec_be_middle_messaging_outbox_001_medium_01,train,be_middle_messaging_outbox_001,backend,middle,messaging_outbox,be_middle_messaging_outbox_001,medium
rec_be_middle_messaging_outbox_001_good_01,eval,be_middle_messaging_outbox_001,backend,middle,messaging_outbox,be_middle_messaging_outbox_001,good
rec_be_middle_messaging_outbox_001_strong_01,test,be_middle_messaging_outbox_001,backend,middle,messaging_outbox,be_middle_messaging_outbox_001,strong
rec_be_middle_messaging_outbox_002_empty_01,test,be_middle_messaging_outbox_002,backend,middle,messaging_outbox,be_middle_messaging_outbox_002,empty
rec_be_middle_messaging_outbox_002_weak_01,train,be_middle_messaging_outbox_002,backend,middle,messaging_outbox,be_middle_messaging_outbox_002,weak
rec_be_middle_messaging_outbox_002_medium_01,train,be_middle_messaging_outbox_002,backend,middle,messaging_outbox,be_middle_messaging_outbox_002,medium
rec_be_middle_messaging_outbox_002_good_01,train,be_middle_messaging_outbox_002,backend,middle,messaging_outbox,be_middle_messaging_outbox_002,good
rec_be_middle_messaging_outbox_002_strong_01,eval,be_middle_messaging_outbox_002,backend,middle,messaging_outbox,be_middle_messaging_outbox_002,strong
rec_be_middle_messaging_outbox_003_empty_01,eval,be_middle_messaging_outbox_003,backend,middle,messaging_outbox,be_middle_messaging_outbox_003,empty
rec_be_middle_messaging_outbox_003_weak_01,train,be_middle_messaging_outbox_003,backend,middle,messaging_outbox,be_middle_messaging_outbox_003,weak
rec_be_middle_messaging_outbox_003_medium_01,test,be_middle_messaging_outbox_003,backend,middle,messaging_outbox,be_middle_messaging_outbox_003,medium
rec_be_middle_messaging_outbox_003_good_01,train,be_middle_messaging_outbox_003,backend,middle,messaging_outbox,be_middle_messaging_outbox_003,good
rec_be_middle_messaging_outbox_003_strong_01,train,be_middle_messaging_outbox_003,backend,middle,messaging_outbox,be_middle_messaging_outbox_003,strong
rec_be_middle_messaging_outbox_004_empty_01,train,be_middle_messaging_outbox_004,backend,middle,messaging_outbox,be_middle_messaging_outbox_004,empty
rec_be_middle_messaging_outbox_004_weak_01,test,be_middle_messaging_outbox_004,backend,middle,messaging_outbox,be_middle_messaging_outbox_004,weak
rec_be_middle_messaging_outbox_004_medium_01,eval,be_middle_messaging_outbox_004,backend,middle,messaging_outbox,be_middle_messaging_outbox_004,medium
rec_be_middle_messaging_outbox_004_good_01,train,be_middle_messaging_outbox_004,backend,middle,messaging_outbox,be_middle_messaging_outbox_004,good
rec_be_middle_messaging_outbox_004_strong_01,train,be_middle_messaging_outbox_004,backend,middle,messaging_outbox,be_middle_messaging_outbox_004,strong
rec_be_middle_observability_001_empty_01,train,be_middle_observability_001,backend,middle,observability,be_middle_observability_001,empty
rec_be_middle_observability_001_weak_01,train,be_middle_observability_001,backend,middle,observability,be_middle_observability_001,weak
rec_be_middle_observability_001_medium_01,train,be_middle_observability_001,backend,middle,observability,be_middle_observability_001,medium
rec_be_middle_observability_001_good_01,eval,be_middle_observability_001,backend,middle,observability,be_middle_observability_001,good
rec_be_middle_observability_001_strong_01,test,be_middle_observability_001,backend,middle,observability,be_middle_observability_001,strong
rec_be_middle_observability_002_empty_01,train,be_middle_observability_002,backend,middle,observability,be_middle_observability_002,empty
rec_be_middle_observability_002_weak_01,eval,be_middle_observability_002,backend,middle,observability,be_middle_observability_002,weak
rec_be_middle_observability_002_medium_01,train,be_middle_observability_002,backend,middle,observability,be_middle_observability_002,medium
rec_be_middle_observability_002_good_01,test,be_middle_observability_002,backend,middle,observability,be_middle_observability_002,good
rec_be_middle_observability_002_strong_01,train,be_middle_observability_002,backend,middle,observability,be_middle_observability_002,strong
rec_be_middle_observability_003_empty_01,train,be_middle_observability_003,backend,middle,observability,be_middle_observability_003,empty
rec_be_middle_observability_003_weak_01,eval,be_middle_observability_003,backend,middle,observability,be_middle_observability_003,weak
rec_be_middle_observability_003_medium_01,train,be_middle_observability_003,backend,middle,observability,be_middle_observability_003,medium
rec_be_middle_observability_003_good_01,test,be_middle_observability_003,backend,middle,observability,be_middle_observability_003,good
rec_be_middle_observability_003_strong_01,train,be_middle_observability_003,backend,middle,observability,be_middle_observability_003,strong
rec_be_middle_observability_004_empty_01,train,be_middle_observability_004,backend,middle,observability,be_middle_observability_004,empty
rec_be_middle_observability_004_weak_01,test,be_middle_observability_004,backend,middle,observability,be_middle_observability_004,weak
rec_be_middle_observability_004_medium_01,eval,be_middle_observability_004,backend,middle,observability,be_middle_observability_004,medium
rec_be_middle_observability_004_good_01,train,be_middle_observability_004,backend,middle,observability,be_middle_observability_004,good
rec_be_middle_observability_004_strong_01,train,be_middle_observability_004,backend,middle,observability,be_middle_observability_004,strong
rec_fe_junior_html_css_001_empty_01,train,fe_junior_html_css_001,frontend,junior,html_css,fe_junior_html_css_001,empty
rec_fe_junior_html_css_001_weak_01,eval,fe_junior_html_css_001,frontend,junior,html_css,fe_junior_html_css_001,weak
rec_fe_junior_html_css_001_medium_01,train,fe_junior_html_css_001,frontend,junior,html_css,fe_junior_html_css_001,medium
rec_fe_junior_html_css_001_good_01,test,fe_junior_html_css_001,frontend,junior,html_css,fe_junior_html_css_001,good
rec_fe_junior_html_css_001_strong_01,train,fe_junior_html_css_001,frontend,junior,html_css,fe_junior_html_css_001,strong
rec_fe_junior_html_css_002_empty_01,train,fe_junior_html_css_002,frontend,junior,html_css,fe_junior_html_css_002,empty
rec_fe_junior_html_css_002_weak_01,train,fe_junior_html_css_002,frontend,junior,html_css,fe_junior_html_css_002,weak
rec_fe_junior_html_css_002_medium_01,train,fe_junior_html_css_002,frontend,junior,html_css,fe_junior_html_css_002,medium
rec_fe_junior_html_css_002_good_01,eval,fe_junior_html_css_002,frontend,junior,html_css,fe_junior_html_css_002,good
rec_fe_junior_html_css_002_strong_01,test,fe_junior_html_css_002,frontend,junior,html_css,fe_junior_html_css_002,strong
rec_fe_junior_html_css_003_empty_01,train,fe_junior_html_css_003,frontend,junior,html_css,fe_junior_html_css_003,empty
rec_fe_junior_html_css_003_weak_01,test,fe_junior_html_css_003,frontend,junior,html_css,fe_junior_html_css_003,weak
rec_fe_junior_html_css_003_medium_01,eval,fe_junior_html_css_003,frontend,junior,html_css,fe_junior_html_css_003,medium
rec_fe_junior_html_css_003_good_01,train,fe_junior_html_css_003,frontend,junior,html_css,fe_junior_html_css_003,good
rec_fe_junior_html_css_003_strong_01,train,fe_junior_html_css_003,frontend,junior,html_css,fe_junior_html_css_003,strong
rec_fe_junior_html_css_004_empty_01,eval,fe_junior_html_css_004,frontend,junior,html_css,fe_junior_html_css_004,empty
rec_fe_junior_html_css_004_weak_01,train,fe_junior_html_css_004,frontend,junior,html_css,fe_junior_html_css_004,weak
rec_fe_junior_html_css_004_medium_01,test,fe_junior_html_css_004,frontend,junior,html_css,fe_junior_html_css_004,medium
rec_fe_junior_html_css_004_good_01,train,fe_junior_html_css_004,frontend,junior,html_css,fe_junior_html_css_004,good
rec_fe_junior_html_css_004_strong_01,train,fe_junior_html_css_004,frontend,junior,html_css,fe_junior_html_css_004,strong
rec_fe_junior_javascript_core_001_empty_01,train,fe_junior_javascript_core_001,frontend,junior,javascript_core,fe_junior_javascript_core_001,empty
rec_fe_junior_javascript_core_001_weak_01,eval,fe_junior_javascript_core_001,frontend,junior,javascript_core,fe_junior_javascript_core_001,weak
rec_fe_junior_javascript_core_001_medium_01,train,fe_junior_javascript_core_001,frontend,junior,javascript_core,fe_junior_javascript_core_001,medium
rec_fe_junior_javascript_core_001_good_01,test,fe_junior_javascript_core_001,frontend,junior,javascript_core,fe_junior_javascript_core_001,good
rec_fe_junior_javascript_core_001_strong_01,train,fe_junior_javascript_core_001,frontend,junior,javascript_core,fe_junior_javascript_core_001,strong
rec_fe_junior_javascript_core_002_empty_01,train,fe_junior_javascript_core_002,frontend,junior,javascript_core,fe_junior_javascript_core_002,empty
rec_fe_junior_javascript_core_002_weak_01,eval,fe_junior_javascript_core_002,frontend,junior,javascript_core,fe_junior_javascript_core_002,weak
rec_fe_junior_javascript_core_002_medium_01,train,fe_junior_javascript_core_002,frontend,junior,javascript_core,fe_junior_javascript_core_002,medium
rec_fe_junior_javascript_core_002_good_01,test,fe_junior_javascript_core_002,frontend,junior,javascript_core,fe_junior_javascript_core_002,good
rec_fe_junior_javascript_core_002_strong_01,train,fe_junior_javascript_core_002,frontend,junior,javascript_core,fe_junior_javascript_core_002,strong
rec_fe_junior_javascript_core_003_empty_01,train,fe_junior_javascript_core_003,frontend,junior,javascript_core,fe_junior_javascript_core_003,empty
rec_fe_junior_javascript_core_003_weak_01,eval,fe_junior_javascript_core_003,frontend,junior,javascript_core,fe_junior_javascript_core_003,weak
rec_fe_junior_javascript_core_003_medium_01,train,fe_junior_javascript_core_003,frontend,junior,javascript_core,fe_junior_javascript_core_003,medium
rec_fe_junior_javascript_core_003_good_01,test,fe_junior_javascript_core_003,frontend,junior,javascript_core,fe_junior_javascript_core_003,good
rec_fe_junior_javascript_core_003_strong_01,train,fe_junior_javascript_core_003,frontend,junior,javascript_core,fe_junior_javascript_core_003,strong
rec_fe_junior_javascript_core_004_empty_01,eval,fe_junior_javascript_core_004,frontend,junior,javascript_core,fe_junior_javascript_core_004,empty
rec_fe_junior_javascript_core_004_weak_01,train,fe_junior_javascript_core_004,frontend,junior,javascript_core,fe_junior_javascript_core_004,weak
rec_fe_junior_javascript_core_004_medium_01,test,fe_junior_javascript_core_004,frontend,junior,javascript_core,fe_junior_javascript_core_004,medium
rec_fe_junior_javascript_core_004_good_01,train,fe_junior_javascript_core_004,frontend,junior,javascript_core,fe_junior_javascript_core_004,good
rec_fe_junior_javascript_core_004_strong_01,train,fe_junior_javascript_core_004,frontend,junior,javascript_core,fe_junior_javascript_core_004,strong
rec_fe_junior_browser_dom_001_empty_01,test,fe_junior_browser_dom_001,frontend,junior,browser_dom,fe_junior_browser_dom_001,empty
rec_fe_junior_browser_dom_001_weak_01,train,fe_junior_browser_dom_001,frontend,junior,browser_dom,fe_junior_browser_dom_001,weak
rec_fe_junior_browser_dom_001_medium_01,train,fe_junior_browser_dom_001,frontend,junior,browser_dom,fe_junior_browser_dom_001,medium
rec_fe_junior_browser_dom_001_good_01,train,fe_junior_browser_dom_001,frontend,junior,browser_dom,fe_junior_browser_dom_001,good
rec_fe_junior_browser_dom_001_strong_01,eval,fe_junior_browser_dom_001,frontend,junior,browser_dom,fe_junior_browser_dom_001,strong
rec_fe_junior_browser_dom_002_empty_01,test,fe_junior_browser_dom_002,frontend,junior,browser_dom,fe_junior_browser_dom_002,empty
rec_fe_junior_browser_dom_002_weak_01,train,fe_junior_browser_dom_002,frontend,junior,browser_dom,fe_junior_browser_dom_002,weak
rec_fe_junior_browser_dom_002_medium_01,train,fe_junior_browser_dom_002,frontend,junior,browser_dom,fe_junior_browser_dom_002,medium
rec_fe_junior_browser_dom_002_good_01,train,fe_junior_browser_dom_002,frontend,junior,browser_dom,fe_junior_browser_dom_002,good
rec_fe_junior_browser_dom_002_strong_01,eval,fe_junior_browser_dom_002,frontend,junior,browser_dom,fe_junior_browser_dom_002,strong
rec_fe_junior_browser_dom_003_empty_01,train,fe_junior_browser_dom_003,frontend,junior,browser_dom,fe_junior_browser_dom_003,empty
rec_fe_junior_browser_dom_003_weak_01,train,fe_junior_browser_dom_003,frontend,junior,browser_dom,fe_junior_browser_dom_003,weak
rec_fe_junior_browser_dom_003_medium_01,train,fe_junior_browser_dom_003,frontend,junior,browser_dom,fe_junior_browser_dom_003,medium
rec_fe_junior_browser_dom_003_good_01,eval,fe_junior_browser_dom_003,frontend,junior,browser_dom,fe_junior_browser_dom_003,good
rec_fe_junior_browser_dom_003_strong_01,test,fe_junior_browser_dom_003,frontend,junior,browser_dom,fe_junior_browser_dom_003,strong
rec_fe_junior_browser_dom_004_empty_01,eval,fe_junior_browser_dom_004,frontend,junior,browser_dom,fe_junior_browser_dom_004,empty
rec_fe_junior_browser_dom_004_weak_01,train,fe_junior_browser_dom_004,frontend,junior,browser_dom,fe_junior_browser_dom_004,weak
rec_fe_junior_browser_dom_004_medium_01,test,fe_junior_browser_dom_004,frontend,junior,browser_dom,fe_junior_browser_dom_004,medium
rec_fe_junior_browser_dom_004_good_01,train,fe_junior_browser_dom_004,frontend,junior,browser_dom,fe_junior_browser_dom_004,good
rec_fe_junior_browser_dom_004_strong_01,train,fe_junior_browser_dom_004,frontend,junior,browser_dom,fe_junior_browser_dom_004,strong
rec_fe_junior_react_basics_001_empty_01,train,fe_junior_react_basics_001,frontend,junior,react_basics,fe_junior_react_basics_001,empty
rec_fe_junior_react_basics_001_weak_01,test,fe_junior_react_basics_001,frontend,junior,react_basics,fe_junior_react_basics_001,weak
rec_fe_junior_react_basics_001_medium_01,eval,fe_junior_react_basics_001,frontend,junior,react_basics,fe_junior_react_basics_001,medium
rec_fe_junior_react_basics_001_good_01,train,fe_junior_react_basics_001,frontend,junior,react_basics,fe_junior_react_basics_001,good
rec_fe_junior_react_basics_001_strong_01,train,fe_junior_react_basics_001,frontend,junior,react_basics,fe_junior_react_basics_001,strong
rec_fe_junior_react_basics_002_empty_01,eval,fe_junior_react_basics_002,frontend,junior,react_basics,fe_junior_react_basics_002,empty
rec_fe_junior_react_basics_002_weak_01,train,fe_junior_react_basics_002,frontend,junior,react_basics,fe_junior_react_basics_002,weak
rec_fe_junior_react_basics_002_medium_01,test,fe_junior_react_basics_002,frontend,junior,react_basics,fe_junior_react_basics_002,medium
rec_fe_junior_react_basics_002_good_01,train,fe_junior_react_basics_002,frontend,junior,react_basics,fe_junior_react_basics_002,good
rec_fe_junior_react_basics_002_strong_01,train,fe_junior_react_basics_002,frontend,junior,react_basics,fe_junior_react_basics_002,strong
rec_fe_junior_react_basics_003_empty_01,train,fe_junior_react_basics_003,frontend,junior,react_basics,fe_junior_react_basics_003,empty
rec_fe_junior_react_basics_003_weak_01,train,fe_junior_react_basics_003,frontend,junior,react_basics,fe_junior_react_basics_003,weak
rec_fe_junior_react_basics_003_medium_01,train,fe_junior_react_basics_003,frontend,junior,react_basics,fe_junior_react_basics_003,medium
rec_fe_junior_react_basics_003_good_01,eval,fe_junior_react_basics_003,frontend,junior,react_basics,fe_junior_react_basics_003,good
rec_fe_junior_react_basics_003_strong_01,test,fe_junior_react_basics_003,frontend,junior,react_basics,fe_junior_react_basics_003,strong
rec_fe_junior_react_basics_004_empty_01,train,fe_junior_react_basics_004,frontend,junior,react_basics,fe_junior_react_basics_004,empty
rec_fe_junior_react_basics_004_weak_01,test,fe_junior_react_basics_004,frontend,junior,react_basics,fe_junior_react_basics_004,weak
rec_fe_junior_react_basics_004_medium_01,eval,fe_junior_react_basics_004,frontend,junior,react_basics,fe_junior_react_basics_004,medium
rec_fe_junior_react_basics_004_good_01,train,fe_junior_react_basics_004,frontend,junior,react_basics,fe_junior_react_basics_004,good
rec_fe_junior_react_basics_004_strong_01,train,fe_junior_react_basics_004,frontend,junior,react_basics,fe_junior_react_basics_004,strong
rec_fe_junior_typescript_security_001_empty_01,eval,fe_junior_typescript_security_001,frontend,junior,typescript_security,fe_junior_typescript_security_001,empty
rec_fe_junior_typescript_security_001_weak_01,train,fe_junior_typescript_security_001,frontend,junior,typescript_security,fe_junior_typescript_security_001,weak
rec_fe_junior_typescript_security_001_medium_01,test,fe_junior_typescript_security_001,frontend,junior,typescript_security,fe_junior_typescript_security_001,medium
rec_fe_junior_typescript_security_001_good_01,train,fe_junior_typescript_security_001,frontend,junior,typescript_security,fe_junior_typescript_security_001,good
rec_fe_junior_typescript_security_001_strong_01,train,fe_junior_typescript_security_001,frontend,junior,typescript_security,fe_junior_typescript_security_001,strong
rec_fe_junior_typescript_security_002_empty_01,eval,fe_junior_typescript_security_002,frontend,junior,typescript_security,fe_junior_typescript_security_002,empty
rec_fe_junior_typescript_security_002_weak_01,train,fe_junior_typescript_security_002,frontend,junior,typescript_security,fe_junior_typescript_security_002,weak
rec_fe_junior_typescript_security_002_medium_01,test,fe_junior_typescript_security_002,frontend,junior,typescript_security,fe_junior_typescript_security_002,medium
rec_fe_junior_typescript_security_002_good_01,train,fe_junior_typescript_security_002,frontend,junior,typescript_security,fe_junior_typescript_security_002,good
rec_fe_junior_typescript_security_002_strong_01,train,fe_junior_typescript_security_002,frontend,junior,typescript_security,fe_junior_typescript_security_002,strong
rec_fe_junior_typescript_security_003_empty_01,train,fe_junior_typescript_security_003,frontend,junior,typescript_security,fe_junior_typescript_security_003,empty
rec_fe_junior_typescript_security_003_weak_01,eval,fe_junior_typescript_security_003,frontend,junior,typescript_security,fe_junior_typescript_security_003,weak
rec_fe_junior_typescript_security_003_medium_01,train,fe_junior_typescript_security_003,frontend,junior,typescript_security,fe_junior_typescript_security_003,medium
rec_fe_junior_typescript_security_003_good_01,test,fe_junior_typescript_security_003,frontend,junior,typescript_security,fe_junior_typescript_security_003,good
rec_fe_junior_typescript_security_003_strong_01,train,fe_junior_typescript_security_003,frontend,junior,typescript_security,fe_junior_typescript_security_003,strong
rec_fe_junior_typescript_security_004_empty_01,train,fe_junior_typescript_security_004,frontend,junior,typescript_security,fe_junior_typescript_security_004,empty
rec_fe_junior_typescript_security_004_weak_01,eval,fe_junior_typescript_security_004,frontend,junior,typescript_security,fe_junior_typescript_security_004,weak
rec_fe_junior_typescript_security_004_medium_01,train,fe_junior_typescript_security_004,frontend,junior,typescript_security,fe_junior_typescript_security_004,medium
rec_fe_junior_typescript_security_004_good_01,test,fe_junior_typescript_security_004,frontend,junior,typescript_security,fe_junior_typescript_security_004,good
rec_fe_junior_typescript_security_004_strong_01,train,fe_junior_typescript_security_004,frontend,junior,typescript_security,fe_junior_typescript_security_004,strong
rec_fe_middle_react_architecture_001_empty_01,train,fe_middle_react_architecture_001,frontend,middle,react_architecture,fe_middle_react_architecture_001,empty
rec_fe_middle_react_architecture_001_weak_01,eval,fe_middle_react_architecture_001,frontend,middle,react_architecture,fe_middle_react_architecture_001,weak
rec_fe_middle_react_architecture_001_medium_01,train,fe_middle_react_architecture_001,frontend,middle,react_architecture,fe_middle_react_architecture_001,medium
rec_fe_middle_react_architecture_001_good_01,test,fe_middle_react_architecture_001,frontend,middle,react_architecture,fe_middle_react_architecture_001,good
rec_fe_middle_react_architecture_001_strong_01,train,fe_middle_react_architecture_001,frontend,middle,react_architecture,fe_middle_react_architecture_001,strong
rec_fe_middle_react_architecture_002_empty_01,eval,fe_middle_react_architecture_002,frontend,middle,react_architecture,fe_middle_react_architecture_002,empty
rec_fe_middle_react_architecture_002_weak_01,train,fe_middle_react_architecture_002,frontend,middle,react_architecture,fe_middle_react_architecture_002,weak
rec_fe_middle_react_architecture_002_medium_01,test,fe_middle_react_architecture_002,frontend,middle,react_architecture,fe_middle_react_architecture_002,medium
rec_fe_middle_react_architecture_002_good_01,train,fe_middle_react_architecture_002,frontend,middle,react_architecture,fe_middle_react_architecture_002,good
rec_fe_middle_react_architecture_002_strong_01,train,fe_middle_react_architecture_002,frontend,middle,react_architecture,fe_middle_react_architecture_002,strong
rec_fe_middle_react_architecture_003_empty_01,train,fe_middle_react_architecture_003,frontend,middle,react_architecture,fe_middle_react_architecture_003,empty
rec_fe_middle_react_architecture_003_weak_01,eval,fe_middle_react_architecture_003,frontend,middle,react_architecture,fe_middle_react_architecture_003,weak
rec_fe_middle_react_architecture_003_medium_01,train,fe_middle_react_architecture_003,frontend,middle,react_architecture,fe_middle_react_architecture_003,medium
rec_fe_middle_react_architecture_003_good_01,test,fe_middle_react_architecture_003,frontend,middle,react_architecture,fe_middle_react_architecture_003,good
rec_fe_middle_react_architecture_003_strong_01,train,fe_middle_react_architecture_003,frontend,middle,react_architecture,fe_middle_react_architecture_003,strong
rec_fe_middle_react_architecture_004_empty_01,eval,fe_middle_react_architecture_004,frontend,middle,react_architecture,fe_middle_react_architecture_004,empty
rec_fe_middle_react_architecture_004_weak_01,train,fe_middle_react_architecture_004,frontend,middle,react_architecture,fe_middle_react_architecture_004,weak
rec_fe_middle_react_architecture_004_medium_01,test,fe_middle_react_architecture_004,frontend,middle,react_architecture,fe_middle_react_architecture_004,medium
rec_fe_middle_react_architecture_004_good_01,train,fe_middle_react_architecture_004,frontend,middle,react_architecture,fe_middle_react_architecture_004,good
rec_fe_middle_react_architecture_004_strong_01,train,fe_middle_react_architecture_004,frontend,middle,react_architecture,fe_middle_react_architecture_004,strong
rec_fe_middle_rendering_perf_001_empty_01,train,fe_middle_rendering_perf_001,frontend,middle,rendering_perf,fe_middle_rendering_perf_001,empty
rec_fe_middle_rendering_perf_001_weak_01,test,fe_middle_rendering_perf_001,frontend,middle,rendering_perf,fe_middle_rendering_perf_001,weak
rec_fe_middle_rendering_perf_001_medium_01,eval,fe_middle_rendering_perf_001,frontend,middle,rendering_perf,fe_middle_rendering_perf_001,medium
rec_fe_middle_rendering_perf_001_good_01,train,fe_middle_rendering_perf_001,frontend,middle,rendering_perf,fe_middle_rendering_perf_001,good
rec_fe_middle_rendering_perf_001_strong_01,train,fe_middle_rendering_perf_001,frontend,middle,rendering_perf,fe_middle_rendering_perf_001,strong
rec_fe_middle_rendering_perf_002_empty_01,test,fe_middle_rendering_perf_002,frontend,middle,rendering_perf,fe_middle_rendering_perf_002,empty
rec_fe_middle_rendering_perf_002_weak_01,train,fe_middle_rendering_perf_002,frontend,middle,rendering_perf,fe_middle_rendering_perf_002,weak
rec_fe_middle_rendering_perf_002_medium_01,train,fe_middle_rendering_perf_002,frontend,middle,rendering_perf,fe_middle_rendering_perf_002,medium
rec_fe_middle_rendering_perf_002_good_01,train,fe_middle_rendering_perf_002,frontend,middle,rendering_perf,fe_middle_rendering_perf_002,good
rec_fe_middle_rendering_perf_002_strong_01,eval,fe_middle_rendering_perf_002,frontend,middle,rendering_perf,fe_middle_rendering_perf_002,strong
rec_fe_middle_rendering_perf_003_empty_01,test,fe_middle_rendering_perf_003,frontend,middle,rendering_perf,fe_middle_rendering_perf_003,empty
rec_fe_middle_rendering_perf_003_weak_01,train,fe_middle_rendering_perf_003,frontend,middle,rendering_perf,fe_middle_rendering_perf_003,weak
rec_fe_middle_rendering_perf_003_medium_01,train,fe_middle_rendering_perf_003,frontend,middle,rendering_perf,fe_middle_rendering_perf_003,medium
rec_fe_middle_rendering_perf_003_good_01,train,fe_middle_rendering_perf_003,frontend,middle,rendering_perf,fe_middle_rendering_perf_003,good
rec_fe_middle_rendering_perf_003_strong_01,eval,fe_middle_rendering_perf_003,frontend,middle,rendering_perf,fe_middle_rendering_perf_003,strong
rec_fe_middle_rendering_perf_004_empty_01,train,fe_middle_rendering_perf_004,frontend,middle,rendering_perf,fe_middle_rendering_perf_004,empty
rec_fe_middle_rendering_perf_004_weak_01,eval,fe_middle_rendering_perf_004,frontend,middle,rendering_perf,fe_middle_rendering_perf_004,weak
rec_fe_middle_rendering_perf_004_medium_01,train,fe_middle_rendering_perf_004,frontend,middle,rendering_perf,fe_middle_rendering_perf_004,medium
rec_fe_middle_rendering_perf_004_good_01,test,fe_middle_rendering_perf_004,frontend,middle,rendering_perf,fe_middle_rendering_perf_004,good
rec_fe_middle_rendering_perf_004_strong_01,train,fe_middle_rendering_perf_004,frontend,middle,rendering_perf,fe_middle_rendering_perf_004,strong
rec_fe_middle_state_management_001_empty_01,test,fe_middle_state_management_001,frontend,middle,state_management,fe_middle_state_management_001,empty
rec_fe_middle_state_management_001_weak_01,train,fe_middle_state_management_001,frontend,middle,state_management,fe_middle_state_management_001,weak
rec_fe_middle_state_management_001_medium_01,train,fe_middle_state_management_001,frontend,middle,state_management,fe_middle_state_management_001,medium
rec_fe_middle_state_management_001_good_01,train,fe_middle_state_management_001,frontend,middle,state_management,fe_middle_state_management_001,good
rec_fe_middle_state_management_001_strong_01,eval,fe_middle_state_management_001,frontend,middle,state_management,fe_middle_state_management_001,strong
rec_fe_middle_state_management_002_empty_01,test,fe_middle_state_management_002,frontend,middle,state_management,fe_middle_state_management_002,empty
rec_fe_middle_state_management_002_weak_01,train,fe_middle_state_management_002,frontend,middle,state_management,fe_middle_state_management_002,weak
rec_fe_middle_state_management_002_medium_01,train,fe_middle_state_management_002,frontend,middle,state_management,fe_middle_state_management_002,medium
rec_fe_middle_state_management_002_good_01,train,fe_middle_state_management_002,frontend,middle,state_management,fe_middle_state_management_002,good
rec_fe_middle_state_management_002_strong_01,eval,fe_middle_state_management_002,frontend,middle,state_management,fe_middle_state_management_002,strong
rec_fe_middle_state_management_003_empty_01,eval,fe_middle_state_management_003,frontend,middle,state_management,fe_middle_state_management_003,empty
rec_fe_middle_state_management_003_weak_01,train,fe_middle_state_management_003,frontend,middle,state_management,fe_middle_state_management_003,weak
rec_fe_middle_state_management_003_medium_01,test,fe_middle_state_management_003,frontend,middle,state_management,fe_middle_state_management_003,medium
rec_fe_middle_state_management_003_good_01,train,fe_middle_state_management_003,frontend,middle,state_management,fe_middle_state_management_003,good
rec_fe_middle_state_management_003_strong_01,train,fe_middle_state_management_003,frontend,middle,state_management,fe_middle_state_management_003,strong
rec_fe_middle_state_management_004_empty_01,train,fe_middle_state_management_004,frontend,middle,state_management,fe_middle_state_management_004,empty
rec_fe_middle_state_management_004_weak_01,test,fe_middle_state_management_004,frontend,middle,state_management,fe_middle_state_management_004,weak
rec_fe_middle_state_management_004_medium_01,eval,fe_middle_state_management_004,frontend,middle,state_management,fe_middle_state_management_004,medium
rec_fe_middle_state_management_004_good_01,train,fe_middle_state_management_004,frontend,middle,state_management,fe_middle_state_management_004,good
rec_fe_middle_state_management_004_strong_01,train,fe_middle_state_management_004,frontend,middle,state_management,fe_middle_state_management_004,strong
rec_fe_middle_browser_security_001_empty_01,train,fe_middle_browser_security_001,frontend,middle,browser_security,fe_middle_browser_security_001,empty
rec_fe_middle_browser_security_001_weak_01,train,fe_middle_browser_security_001,frontend,middle,browser_security,fe_middle_browser_security_001,weak
rec_fe_middle_browser_security_001_medium_01,train,fe_middle_browser_security_001,frontend,middle,browser_security,fe_middle_browser_security_001,medium
rec_fe_middle_browser_security_001_good_01,eval,fe_middle_browser_security_001,frontend,middle,browser_security,fe_middle_browser_security_001,good
rec_fe_middle_browser_security_001_strong_01,test,fe_middle_browser_security_001,frontend,middle,browser_security,fe_middle_browser_security_001,strong
rec_fe_middle_browser_security_002_empty_01,test,fe_middle_browser_security_002,frontend,middle,browser_security,fe_middle_browser_security_002,empty
rec_fe_middle_browser_security_002_weak_01,train,fe_middle_browser_security_002,frontend,middle,browser_security,fe_middle_browser_security_002,weak
rec_fe_middle_browser_security_002_medium_01,train,fe_middle_browser_security_002,frontend,middle,browser_security,fe_middle_browser_security_002,medium
rec_fe_middle_browser_security_002_good_01,train,fe_middle_browser_security_002,frontend,middle,browser_security,fe_middle_browser_security_002,good
rec_fe_middle_browser_security_002_strong_01,eval,fe_middle_browser_security_002,frontend,middle,browser_security,fe_middle_browser_security_002,strong
rec_fe_middle_browser_security_003_empty_01,train,fe_middle_browser_security_003,frontend,middle,browser_security,fe_middle_browser_security_003,empty
rec_fe_middle_browser_security_003_weak_01,train,fe_middle_browser_security_003,frontend,middle,browser_security,fe_middle_browser_security_003,weak
rec_fe_middle_browser_security_003_medium_01,train,fe_middle_browser_security_003,frontend,middle,browser_security,fe_middle_browser_security_003,medium
rec_fe_middle_browser_security_003_good_01,eval,fe_middle_browser_security_003,frontend,middle,browser_security,fe_middle_browser_security_003,good
rec_fe_middle_browser_security_003_strong_01,test,fe_middle_browser_security_003,frontend,middle,browser_security,fe_middle_browser_security_003,strong
rec_fe_middle_browser_security_004_empty_01,train,fe_middle_browser_security_004,frontend,middle,browser_security,fe_middle_browser_security_004,empty
rec_fe_middle_browser_security_004_weak_01,test,fe_middle_browser_security_004,frontend,middle,browser_security,fe_middle_browser_security_004,weak
rec_fe_middle_browser_security_004_medium_01,eval,fe_middle_browser_security_004,frontend,middle,browser_security,fe_middle_browser_security_004,medium
rec_fe_middle_browser_security_004_good_01,train,fe_middle_browser_security_004,frontend,middle,browser_security,fe_middle_browser_security_004,good
rec_fe_middle_browser_security_004_strong_01,train,fe_middle_browser_security_004,frontend,middle,browser_security,fe_middle_browser_security_004,strong
rec_fe_middle_ssr_hydration_001_empty_01,test,fe_middle_ssr_hydration_001,frontend,middle,ssr_hydration,fe_middle_ssr_hydration_001,empty
rec_fe_middle_ssr_hydration_001_weak_01,train,fe_middle_ssr_hydration_001,frontend,middle,ssr_hydration,fe_middle_ssr_hydration_001,weak
rec_fe_middle_ssr_hydration_001_medium_01,train,fe_middle_ssr_hydration_001,frontend,middle,ssr_hydration,fe_middle_ssr_hydration_001,medium
rec_fe_middle_ssr_hydration_001_good_01,train,fe_middle_ssr_hydration_001,frontend,middle,ssr_hydration,fe_middle_ssr_hydration_001,good
rec_fe_middle_ssr_hydration_001_strong_01,eval,fe_middle_ssr_hydration_001,frontend,middle,ssr_hydration,fe_middle_ssr_hydration_001,strong
rec_fe_middle_ssr_hydration_002_empty_01,eval,fe_middle_ssr_hydration_002,frontend,middle,ssr_hydration,fe_middle_ssr_hydration_002,empty
rec_fe_middle_ssr_hydration_002_weak_01,train,fe_middle_ssr_hydration_002,frontend,middle,ssr_hydration,fe_middle_ssr_hydration_002,weak
rec_fe_middle_ssr_hydration_002_medium_01,test,fe_middle_ssr_hydration_002,frontend,middle,ssr_hydration,fe_middle_ssr_hydration_002,medium
rec_fe_middle_ssr_hydration_002_good_01,train,fe_middle_ssr_hydration_002,frontend,middle,ssr_hydration,fe_middle_ssr_hydration_002,good
rec_fe_middle_ssr_hydration_002_strong_01,train,fe_middle_ssr_hydration_002,frontend,middle,ssr_hydration,fe_middle_ssr_hydration_002,strong
rec_fe_middle_ssr_hydration_003_empty_01,eval,fe_middle_ssr_hydration_003,frontend,middle,ssr_hydration,fe_middle_ssr_hydration_003,empty
rec_fe_middle_ssr_hydration_003_weak_01,train,fe_middle_ssr_hydration_003,frontend,middle,ssr_hydration,fe_middle_ssr_hydration_003,weak
rec_fe_middle_ssr_hydration_003_medium_01,test,fe_middle_ssr_hydration_003,frontend,middle,ssr_hydration,fe_middle_ssr_hydration_003,medium
rec_fe_middle_ssr_hydration_003_good_01,train,fe_middle_ssr_hydration_003,frontend,middle,ssr_hydration,fe_middle_ssr_hydration_003,good
rec_fe_middle_ssr_hydration_003_strong_01,train,fe_middle_ssr_hydration_003,frontend,middle,ssr_hydration,fe_middle_ssr_hydration_003,strong
rec_fe_middle_ssr_hydration_004_empty_01,train,fe_middle_ssr_hydration_004,frontend,middle,ssr_hydration,fe_middle_ssr_hydration_004,empty
rec_fe_middle_ssr_hydration_004_weak_01,train,fe_middle_ssr_hydration_004,frontend,middle,ssr_hydration,fe_middle_ssr_hydration_004,weak
rec_fe_middle_ssr_hydration_004_medium_01,train,fe_middle_ssr_hydration_004,frontend,middle,ssr_hydration,fe_middle_ssr_hydration_004,medium
rec_fe_middle_ssr_hydration_004_good_01,eval,fe_middle_ssr_hydration_004,frontend,middle,ssr_hydration,fe_middle_ssr_hydration_004,good
rec_fe_middle_ssr_hydration_004_strong_01,test,fe_middle_ssr_hydration_004,frontend,middle,ssr_hydration,fe_middle_ssr_hydration_004,strong
rec_do_junior_linux_basics_001_empty_01,train,do_junior_linux_basics_001,devops,junior,linux_basics,do_junior_linux_basics_001,empty
rec_do_junior_linux_basics_001_weak_01,eval,do_junior_linux_basics_001,devops,junior,linux_basics,do_junior_linux_basics_001,weak
rec_do_junior_linux_basics_001_medium_01,train,do_junior_linux_basics_001,devops,junior,linux_basics,do_junior_linux_basics_001,medium
rec_do_junior_linux_basics_001_good_01,test,do_junior_linux_basics_001,devops,junior,linux_basics,do_junior_linux_basics_001,good
rec_do_junior_linux_basics_001_strong_01,train,do_junior_linux_basics_001,devops,junior,linux_basics,do_junior_linux_basics_001,strong
rec_do_junior_linux_basics_002_empty_01,eval,do_junior_linux_basics_002,devops,junior,linux_basics,do_junior_linux_basics_002,empty
rec_do_junior_linux_basics_002_weak_01,train,do_junior_linux_basics_002,devops,junior,linux_basics,do_junior_linux_basics_002,weak
rec_do_junior_linux_basics_002_medium_01,test,do_junior_linux_basics_002,devops,junior,linux_basics,do_junior_linux_basics_002,medium
rec_do_junior_linux_basics_002_good_01,train,do_junior_linux_basics_002,devops,junior,linux_basics,do_junior_linux_basics_002,good
rec_do_junior_linux_basics_002_strong_01,train,do_junior_linux_basics_002,devops,junior,linux_basics,do_junior_linux_basics_002,strong
rec_do_junior_linux_basics_003_empty_01,train,do_junior_linux_basics_003,devops,junior,linux_basics,do_junior_linux_basics_003,empty
rec_do_junior_linux_basics_003_weak_01,test,do_junior_linux_basics_003,devops,junior,linux_basics,do_junior_linux_basics_003,weak
rec_do_junior_linux_basics_003_medium_01,eval,do_junior_linux_basics_003,devops,junior,linux_basics,do_junior_linux_basics_003,medium
rec_do_junior_linux_basics_003_good_01,train,do_junior_linux_basics_003,devops,junior,linux_basics,do_junior_linux_basics_003,good
rec_do_junior_linux_basics_003_strong_01,train,do_junior_linux_basics_003,devops,junior,linux_basics,do_junior_linux_basics_003,strong
rec_do_junior_linux_basics_004_empty_01,test,do_junior_linux_basics_004,devops,junior,linux_basics,do_junior_linux_basics_004,empty
rec_do_junior_linux_basics_004_weak_01,train,do_junior_linux_basics_004,devops,junior,linux_basics,do_junior_linux_basics_004,weak
rec_do_junior_linux_basics_004_medium_01,train,do_junior_linux_basics_004,devops,junior,linux_basics,do_junior_linux_basics_004,medium
rec_do_junior_linux_basics_004_good_01,train,do_junior_linux_basics_004,devops,junior,linux_basics,do_junior_linux_basics_004,good
rec_do_junior_linux_basics_004_strong_01,eval,do_junior_linux_basics_004,devops,junior,linux_basics,do_junior_linux_basics_004,strong
rec_do_junior_docker_basics_001_empty_01,eval,do_junior_docker_basics_001,devops,junior,docker_basics,do_junior_docker_basics_001,empty
rec_do_junior_docker_basics_001_weak_01,train,do_junior_docker_basics_001,devops,junior,docker_basics,do_junior_docker_basics_001,weak
rec_do_junior_docker_basics_001_medium_01,test,do_junior_docker_basics_001,devops,junior,docker_basics,do_junior_docker_basics_001,medium
rec_do_junior_docker_basics_001_good_01,train,do_junior_docker_basics_001,devops,junior,docker_basics,do_junior_docker_basics_001,good
rec_do_junior_docker_basics_001_strong_01,train,do_junior_docker_basics_001,devops,junior,docker_basics,do_junior_docker_basics_001,strong
rec_do_junior_docker_basics_002_empty_01,test,do_junior_docker_basics_002,devops,junior,docker_basics,do_junior_docker_basics_002,empty
rec_do_junior_docker_basics_002_weak_01,train,do_junior_docker_basics_002,devops,junior,docker_basics,do_junior_docker_basics_002,weak
rec_do_junior_docker_basics_002_medium_01,train,do_junior_docker_basics_002,devops,junior,docker_basics,do_junior_docker_basics_002,medium
rec_do_junior_docker_basics_002_good_01,train,do_junior_docker_basics_002,devops,junior,docker_basics,do_junior_docker_basics_002,good
rec_do_junior_docker_basics_002_strong_01,eval,do_junior_docker_basics_002,devops,junior,docker_basics,do_junior_docker_basics_002,strong
rec_do_junior_docker_basics_003_empty_01,eval,do_junior_docker_basics_003,devops,junior,docker_basics,do_junior_docker_basics_003,empty
rec_do_junior_docker_basics_003_weak_01,train,do_junior_docker_basics_003,devops,junior,docker_basics,do_junior_docker_basics_003,weak
rec_do_junior_docker_basics_003_medium_01,test,do_junior_docker_basics_003,devops,junior,docker_basics,do_junior_docker_basics_003,medium
rec_do_junior_docker_basics_003_good_01,train,do_junior_docker_basics_003,devops,junior,docker_basics,do_junior_docker_basics_003,good
rec_do_junior_docker_basics_003_strong_01,train,do_junior_docker_basics_003,devops,junior,docker_basics,do_junior_docker_basics_003,strong
rec_do_junior_docker_basics_004_empty_01,test,do_junior_docker_basics_004,devops,junior,docker_basics,do_junior_docker_basics_004,empty
rec_do_junior_docker_basics_004_weak_01,train,do_junior_docker_basics_004,devops,junior,docker_basics,do_junior_docker_basics_004,weak
rec_do_junior_docker_basics_004_medium_01,train,do_junior_docker_basics_004,devops,junior,docker_basics,do_junior_docker_basics_004,medium
rec_do_junior_docker_basics_004_good_01,train,do_junior_docker_basics_004,devops,junior,docker_basics,do_junior_docker_basics_004,good
rec_do_junior_docker_basics_004_strong_01,eval,do_junior_docker_basics_004,devops,junior,docker_basics,do_junior_docker_basics_004,strong
rec_do_junior_cicd_basics_001_empty_01,test,do_junior_cicd_basics_001,devops,junior,cicd_basics,do_junior_cicd_basics_001,empty
rec_do_junior_cicd_basics_001_weak_01,train,do_junior_cicd_basics_001,devops,junior,cicd_basics,do_junior_cicd_basics_001,weak
rec_do_junior_cicd_basics_001_medium_01,train,do_junior_cicd_basics_001,devops,junior,cicd_basics,do_junior_cicd_basics_001,medium
rec_do_junior_cicd_basics_001_good_01,train,do_junior_cicd_basics_001,devops,junior,cicd_basics,do_junior_cicd_basics_001,good
rec_do_junior_cicd_basics_001_strong_01,eval,do_junior_cicd_basics_001,devops,junior,cicd_basics,do_junior_cicd_basics_001,strong
rec_do_junior_cicd_basics_002_empty_01,train,do_junior_cicd_basics_002,devops,junior,cicd_basics,do_junior_cicd_basics_002,empty
rec_do_junior_cicd_basics_002_weak_01,test,do_junior_cicd_basics_002,devops,junior,cicd_basics,do_junior_cicd_basics_002,weak
rec_do_junior_cicd_basics_002_medium_01,eval,do_junior_cicd_basics_002,devops,junior,cicd_basics,do_junior_cicd_basics_002,medium
rec_do_junior_cicd_basics_002_good_01,train,do_junior_cicd_basics_002,devops,junior,cicd_basics,do_junior_cicd_basics_002,good
rec_do_junior_cicd_basics_002_strong_01,train,do_junior_cicd_basics_002,devops,junior,cicd_basics,do_junior_cicd_basics_002,strong
rec_do_junior_cicd_basics_003_empty_01,eval,do_junior_cicd_basics_003,devops,junior,cicd_basics,do_junior_cicd_basics_003,empty
rec_do_junior_cicd_basics_003_weak_01,train,do_junior_cicd_basics_003,devops,junior,cicd_basics,do_junior_cicd_basics_003,weak
rec_do_junior_cicd_basics_003_medium_01,test,do_junior_cicd_basics_003,devops,junior,cicd_basics,do_junior_cicd_basics_003,medium
rec_do_junior_cicd_basics_003_good_01,train,do_junior_cicd_basics_003,devops,junior,cicd_basics,do_junior_cicd_basics_003,good
rec_do_junior_cicd_basics_003_strong_01,train,do_junior_cicd_basics_003,devops,junior,cicd_basics,do_junior_cicd_basics_003,strong
rec_do_junior_cicd_basics_004_empty_01,train,do_junior_cicd_basics_004,devops,junior,cicd_basics,do_junior_cicd_basics_004,empty
rec_do_junior_cicd_basics_004_weak_01,train,do_junior_cicd_basics_004,devops,junior,cicd_basics,do_junior_cicd_basics_004,weak
rec_do_junior_cicd_basics_004_medium_01,train,do_junior_cicd_basics_004,devops,junior,cicd_basics,do_junior_cicd_basics_004,medium
rec_do_junior_cicd_basics_004_good_01,eval,do_junior_cicd_basics_004,devops,junior,cicd_basics,do_junior_cicd_basics_004,good
rec_do_junior_cicd_basics_004_strong_01,test,do_junior_cicd_basics_004,devops,junior,cicd_basics,do_junior_cicd_basics_004,strong
rec_do_junior_git_iac_001_empty_01,eval,do_junior_git_iac_001,devops,junior,git_iac,do_junior_git_iac_001,empty
rec_do_junior_git_iac_001_weak_01,train,do_junior_git_iac_001,devops,junior,git_iac,do_junior_git_iac_001,weak
rec_do_junior_git_iac_001_medium_01,test,do_junior_git_iac_001,devops,junior,git_iac,do_junior_git_iac_001,medium
rec_do_junior_git_iac_001_good_01,train,do_junior_git_iac_001,devops,junior,git_iac,do_junior_git_iac_001,good
rec_do_junior_git_iac_001_strong_01,train,do_junior_git_iac_001,devops,junior,git_iac,do_junior_git_iac_001,strong
rec_do_junior_git_iac_002_empty_01,train,do_junior_git_iac_002,devops,junior,git_iac,do_junior_git_iac_002,empty
rec_do_junior_git_iac_002_weak_01,train,do_junior_git_iac_002,devops,junior,git_iac,do_junior_git_iac_002,weak
rec_do_junior_git_iac_002_medium_01,train,do_junior_git_iac_002,devops,junior,git_iac,do_junior_git_iac_002,medium
rec_do_junior_git_iac_002_good_01,eval,do_junior_git_iac_002,devops,junior,git_iac,do_junior_git_iac_002,good
rec_do_junior_git_iac_002_strong_01,test,do_junior_git_iac_002,devops,junior,git_iac,do_junior_git_iac_002,strong
rec_do_junior_git_iac_003_empty_01,test,do_junior_git_iac_003,devops,junior,git_iac,do_junior_git_iac_003,empty
rec_do_junior_git_iac_003_weak_01,train,do_junior_git_iac_003,devops,junior,git_iac,do_junior_git_iac_003,weak
rec_do_junior_git_iac_003_medium_01,train,do_junior_git_iac_003,devops,junior,git_iac,do_junior_git_iac_003,medium
rec_do_junior_git_iac_003_good_01,train,do_junior_git_iac_003,devops,junior,git_iac,do_junior_git_iac_003,good
rec_do_junior_git_iac_003_strong_01,eval,do_junior_git_iac_003,devops,junior,git_iac,do_junior_git_iac_003,strong
rec_do_junior_git_iac_004_empty_01,train,do_junior_git_iac_004,devops,junior,git_iac,do_junior_git_iac_004,empty
rec_do_junior_git_iac_004_weak_01,test,do_junior_git_iac_004,devops,junior,git_iac,do_junior_git_iac_004,weak
rec_do_junior_git_iac_004_medium_01,eval,do_junior_git_iac_004,devops,junior,git_iac,do_junior_git_iac_004,medium
rec_do_junior_git_iac_004_good_01,train,do_junior_git_iac_004,devops,junior,git_iac,do_junior_git_iac_004,good
rec_do_junior_git_iac_004_strong_01,train,do_junior_git_iac_004,devops,junior,git_iac,do_junior_git_iac_004,strong
rec_do_junior_network_logs_001_empty_01,train,do_junior_network_logs_001,devops,junior,network_logs,do_junior_network_logs_001,empty
rec_do_junior_network_logs_001_weak_01,eval,do_junior_network_logs_001,devops,junior,network_logs,do_junior_network_logs_001,weak
rec_do_junior_network_logs_001_medium_01,train,do_junior_network_logs_001,devops,junior,network_logs,do_junior_network_logs_001,medium
rec_do_junior_network_logs_001_good_01,test,do_junior_network_logs_001,devops,junior,network_logs,do_junior_network_logs_001,good
rec_do_junior_network_logs_001_strong_01,train,do_junior_network_logs_001,devops,junior,network_logs,do_junior_network_logs_001,strong
rec_do_junior_network_logs_002_empty_01,train,do_junior_network_logs_002,devops,junior,network_logs,do_junior_network_logs_002,empty
rec_do_junior_network_logs_002_weak_01,eval,do_junior_network_logs_002,devops,junior,network_logs,do_junior_network_logs_002,weak
rec_do_junior_network_logs_002_medium_01,train,do_junior_network_logs_002,devops,junior,network_logs,do_junior_network_logs_002,medium
rec_do_junior_network_logs_002_good_01,test,do_junior_network_logs_002,devops,junior,network_logs,do_junior_network_logs_002,good
rec_do_junior_network_logs_002_strong_01,train,do_junior_network_logs_002,devops,junior,network_logs,do_junior_network_logs_002,strong
rec_do_junior_network_logs_003_empty_01,train,do_junior_network_logs_003,devops,junior,network_logs,do_junior_network_logs_003,empty
rec_do_junior_network_logs_003_weak_01,train,do_junior_network_logs_003,devops,junior,network_logs,do_junior_network_logs_003,weak
rec_do_junior_network_logs_003_medium_01,train,do_junior_network_logs_003,devops,junior,network_logs,do_junior_network_logs_003,medium
rec_do_junior_network_logs_003_good_01,eval,do_junior_network_logs_003,devops,junior,network_logs,do_junior_network_logs_003,good
rec_do_junior_network_logs_003_strong_01,test,do_junior_network_logs_003,devops,junior,network_logs,do_junior_network_logs_003,strong
rec_do_junior_network_logs_004_empty_01,train,do_junior_network_logs_004,devops,junior,network_logs,do_junior_network_logs_004,empty
rec_do_junior_network_logs_004_weak_01,eval,do_junior_network_logs_004,devops,junior,network_logs,do_junior_network_logs_004,weak
rec_do_junior_network_logs_004_medium_01,train,do_junior_network_logs_004,devops,junior,network_logs,do_junior_network_logs_004,medium
rec_do_junior_network_logs_004_good_01,test,do_junior_network_logs_004,devops,junior,network_logs,do_junior_network_logs_004,good
rec_do_junior_network_logs_004_strong_01,train,do_junior_network_logs_004,devops,junior,network_logs,do_junior_network_logs_004,strong
rec_do_middle_kubernetes_001_empty_01,train,do_middle_kubernetes_001,devops,middle,kubernetes,do_middle_kubernetes_001,empty
rec_do_middle_kubernetes_001_weak_01,eval,do_middle_kubernetes_001,devops,middle,kubernetes,do_middle_kubernetes_001,weak
rec_do_middle_kubernetes_001_medium_01,train,do_middle_kubernetes_001,devops,middle,kubernetes,do_middle_kubernetes_001,medium
rec_do_middle_kubernetes_001_good_01,test,do_middle_kubernetes_001,devops,middle,kubernetes,do_middle_kubernetes_001,good
rec_do_middle_kubernetes_001_strong_01,train,do_middle_kubernetes_001,devops,middle,kubernetes,do_middle_kubernetes_001,strong
rec_do_middle_kubernetes_002_empty_01,train,do_middle_kubernetes_002,devops,middle,kubernetes,do_middle_kubernetes_002,empty
rec_do_middle_kubernetes_002_weak_01,eval,do_middle_kubernetes_002,devops,middle,kubernetes,do_middle_kubernetes_002,weak
rec_do_middle_kubernetes_002_medium_01,train,do_middle_kubernetes_002,devops,middle,kubernetes,do_middle_kubernetes_002,medium
rec_do_middle_kubernetes_002_good_01,test,do_middle_kubernetes_002,devops,middle,kubernetes,do_middle_kubernetes_002,good
rec_do_middle_kubernetes_002_strong_01,train,do_middle_kubernetes_002,devops,middle,kubernetes,do_middle_kubernetes_002,strong
rec_do_middle_kubernetes_003_empty_01,train,do_middle_kubernetes_003,devops,middle,kubernetes,do_middle_kubernetes_003,empty
rec_do_middle_kubernetes_003_weak_01,test,do_middle_kubernetes_003,devops,middle,kubernetes,do_middle_kubernetes_003,weak
rec_do_middle_kubernetes_003_medium_01,eval,do_middle_kubernetes_003,devops,middle,kubernetes,do_middle_kubernetes_003,medium
rec_do_middle_kubernetes_003_good_01,train,do_middle_kubernetes_003,devops,middle,kubernetes,do_middle_kubernetes_003,good
rec_do_middle_kubernetes_003_strong_01,train,do_middle_kubernetes_003,devops,middle,kubernetes,do_middle_kubernetes_003,strong
rec_do_middle_kubernetes_004_empty_01,train,do_middle_kubernetes_004,devops,middle,kubernetes,do_middle_kubernetes_004,empty
rec_do_middle_kubernetes_004_weak_01,test,do_middle_kubernetes_004,devops,middle,kubernetes,do_middle_kubernetes_004,weak
rec_do_middle_kubernetes_004_medium_01,eval,do_middle_kubernetes_004,devops,middle,kubernetes,do_middle_kubernetes_004,medium
rec_do_middle_kubernetes_004_good_01,train,do_middle_kubernetes_004,devops,middle,kubernetes,do_middle_kubernetes_004,good
rec_do_middle_kubernetes_004_strong_01,train,do_middle_kubernetes_004,devops,middle,kubernetes,do_middle_kubernetes_004,strong
rec_do_middle_deployments_001_empty_01,train,do_middle_deployments_001,devops,middle,deployments,do_middle_deployments_001,empty
rec_do_middle_deployments_001_weak_01,eval,do_middle_deployments_001,devops,middle,deployments,do_middle_deployments_001,weak
rec_do_middle_deployments_001_medium_01,train,do_middle_deployments_001,devops,middle,deployments,do_middle_deployments_001,medium
rec_do_middle_deployments_001_good_01,test,do_middle_deployments_001,devops,middle,deployments,do_middle_deployments_001,good
rec_do_middle_deployments_001_strong_01,train,do_middle_deployments_001,devops,middle,deployments,do_middle_deployments_001,strong
rec_do_middle_deployments_002_empty_01,eval,do_middle_deployments_002,devops,middle,deployments,do_middle_deployments_002,empty
rec_do_middle_deployments_002_weak_01,train,do_middle_deployments_002,devops,middle,deployments,do_middle_deployments_002,weak
rec_do_middle_deployments_002_medium_01,test,do_middle_deployments_002,devops,middle,deployments,do_middle_deployments_002,medium
rec_do_middle_deployments_002_good_01,train,do_middle_deployments_002,devops,middle,deployments,do_middle_deployments_002,good
rec_do_middle_deployments_002_strong_01,train,do_middle_deployments_002,devops,middle,deployments,do_middle_deployments_002,strong
rec_do_middle_deployments_003_empty_01,train,do_middle_deployments_003,devops,middle,deployments,do_middle_deployments_003,empty
rec_do_middle_deployments_003_weak_01,train,do_middle_deployments_003,devops,middle,deployments,do_middle_deployments_003,weak
rec_do_middle_deployments_003_medium_01,train,do_middle_deployments_003,devops,middle,deployments,do_middle_deployments_003,medium
rec_do_middle_deployments_003_good_01,eval,do_middle_deployments_003,devops,middle,deployments,do_middle_deployments_003,good
rec_do_middle_deployments_003_strong_01,test,do_middle_deployments_003,devops,middle,deployments,do_middle_deployments_003,strong
rec_do_middle_deployments_004_empty_01,train,do_middle_deployments_004,devops,middle,deployments,do_middle_deployments_004,empty
rec_do_middle_deployments_004_weak_01,eval,do_middle_deployments_004,devops,middle,deployments,do_middle_deployments_004,weak
rec_do_middle_deployments_004_medium_01,train,do_middle_deployments_004,devops,middle,deployments,do_middle_deployments_004,medium
rec_do_middle_deployments_004_good_01,test,do_middle_deployments_004,devops,middle,deployments,do_middle_deployments_004,good
rec_do_middle_deployments_004_strong_01,train,do_middle_deployments_004,devops,middle,deployments,do_middle_deployments_004,strong
rec_do_middle_observability_reliability_001_empty_01,eval,do_middle_observability_reliability_001,devops,middle,observability_reliability,do_middle_observability_reliability_001,empty
rec_do_middle_observability_reliability_001_weak_01,train,do_middle_observability_reliability_001,devops,middle,observability_reliability,do_middle_observability_reliability_001,weak
rec_do_middle_observability_reliability_001_medium_01,test,do_middle_observability_reliability_001,devops,middle,observability_reliability,do_middle_observability_reliability_001,medium
rec_do_middle_observability_reliability_001_good_01,train,do_middle_observability_reliability_001,devops,middle,observability_reliability,do_middle_observability_reliability_001,good
rec_do_middle_observability_reliability_001_strong_01,train,do_middle_observability_reliability_001,devops,middle,observability_reliability,do_middle_observability_reliability_001,strong
rec_do_middle_observability_reliability_002_empty_01,train,do_middle_observability_reliability_002,devops,middle,observability_reliability,do_middle_observability_reliability_002,empty
rec_do_middle_observability_reliability_002_weak_01,test,do_middle_observability_reliability_002,devops,middle,observability_reliability,do_middle_observability_reliability_002,weak
rec_do_middle_observability_reliability_002_medium_01,eval,do_middle_observability_reliability_002,devops,middle,observability_reliability,do_middle_observability_reliability_002,medium
rec_do_middle_observability_reliability_002_good_01,train,do_middle_observability_reliability_002,devops,middle,observability_reliability,do_middle_observability_reliability_002,good
rec_do_middle_observability_reliability_002_strong_01,train,do_middle_observability_reliability_002,devops,middle,observability_reliability,do_middle_observability_reliability_002,strong
rec_do_middle_observability_reliability_003_empty_01,test,do_middle_observability_reliability_003,devops,middle,observability_reliability,do_middle_observability_reliability_003,empty
rec_do_middle_observability_reliability_003_weak_01,train,do_middle_observability_reliability_003,devops,middle,observability_reliability,do_middle_observability_reliability_003,weak
rec_do_middle_observability_reliability_003_medium_01,train,do_middle_observability_reliability_003,devops,middle,observability_reliability,do_middle_observability_reliability_003,medium
rec_do_middle_observability_reliability_003_good_01,train,do_middle_observability_reliability_003,devops,middle,observability_reliability,do_middle_observability_reliability_003,good
rec_do_middle_observability_reliability_003_strong_01,eval,do_middle_observability_reliability_003,devops,middle,observability_reliability,do_middle_observability_reliability_003,strong
rec_do_middle_observability_reliability_004_empty_01,eval,do_middle_observability_reliability_004,devops,middle,observability_reliability,do_middle_observability_reliability_004,empty
rec_do_middle_observability_reliability_004_weak_01,train,do_middle_observability_reliability_004,devops,middle,observability_reliability,do_middle_observability_reliability_004,weak
rec_do_middle_observability_reliability_004_medium_01,test,do_middle_observability_reliability_004,devops,middle,observability_reliability,do_middle_observability_reliability_004,medium
rec_do_middle_observability_reliability_004_good_01,train,do_middle_observability_reliability_004,devops,middle,observability_reliability,do_middle_observability_reliability_004,good
rec_do_middle_observability_reliability_004_strong_01,train,do_middle_observability_reliability_004,devops,middle,observability_reliability,do_middle_observability_reliability_004,strong
rec_do_middle_terraform_iac_001_empty_01,test,do_middle_terraform_iac_001,devops,middle,terraform_iac,do_middle_terraform_iac_001,empty
rec_do_middle_terraform_iac_001_weak_01,train,do_middle_terraform_iac_001,devops,middle,terraform_iac,do_middle_terraform_iac_001,weak
rec_do_middle_terraform_iac_001_medium_01,train,do_middle_terraform_iac_001,devops,middle,terraform_iac,do_middle_terraform_iac_001,medium
rec_do_middle_terraform_iac_001_good_01,train,do_middle_terraform_iac_001,devops,middle,terraform_iac,do_middle_terraform_iac_001,good
rec_do_middle_terraform_iac_001_strong_01,eval,do_middle_terraform_iac_001,devops,middle,terraform_iac,do_middle_terraform_iac_001,strong
rec_do_middle_terraform_iac_002_empty_01,eval,do_middle_terraform_iac_002,devops,middle,terraform_iac,do_middle_terraform_iac_002,empty
rec_do_middle_terraform_iac_002_weak_01,train,do_middle_terraform_iac_002,devops,middle,terraform_iac,do_middle_terraform_iac_002,weak
rec_do_middle_terraform_iac_002_medium_01,test,do_middle_terraform_iac_002,devops,middle,terraform_iac,do_middle_terraform_iac_002,medium
rec_do_middle_terraform_iac_002_good_01,train,do_middle_terraform_iac_002,devops,middle,terraform_iac,do_middle_terraform_iac_002,good
rec_do_middle_terraform_iac_002_strong_01,train,do_middle_terraform_iac_002,devops,middle,terraform_iac,do_middle_terraform_iac_002,strong
rec_do_middle_terraform_iac_003_empty_01,test,do_middle_terraform_iac_003,devops,middle,terraform_iac,do_middle_terraform_iac_003,empty
rec_do_middle_terraform_iac_003_weak_01,train,do_middle_terraform_iac_003,devops,middle,terraform_iac,do_middle_terraform_iac_003,weak
rec_do_middle_terraform_iac_003_medium_01,train,do_middle_terraform_iac_003,devops,middle,terraform_iac,do_middle_terraform_iac_003,medium
rec_do_middle_terraform_iac_003_good_01,train,do_middle_terraform_iac_003,devops,middle,terraform_iac,do_middle_terraform_iac_003,good
rec_do_middle_terraform_iac_003_strong_01,eval,do_middle_terraform_iac_003,devops,middle,terraform_iac,do_middle_terraform_iac_003,strong
rec_do_middle_terraform_iac_004_empty_01,train,do_middle_terraform_iac_004,devops,middle,terraform_iac,do_middle_terraform_iac_004,empty
rec_do_middle_terraform_iac_004_weak_01,eval,do_middle_terraform_iac_004,devops,middle,terraform_iac,do_middle_terraform_iac_004,weak
rec_do_middle_terraform_iac_004_medium_01,train,do_middle_terraform_iac_004,devops,middle,terraform_iac,do_middle_terraform_iac_004,medium
rec_do_middle_terraform_iac_004_good_01,test,do_middle_terraform_iac_004,devops,middle,terraform_iac,do_middle_terraform_iac_004,good
rec_do_middle_terraform_iac_004_strong_01,train,do_middle_terraform_iac_004,devops,middle,terraform_iac,do_middle_terraform_iac_004,strong
rec_do_middle_cicd_design_001_empty_01,train,do_middle_cicd_design_001,devops,middle,cicd_design,do_middle_cicd_design_001,empty
rec_do_middle_cicd_design_001_weak_01,train,do_middle_cicd_design_001,devops,middle,cicd_design,do_middle_cicd_design_001,weak
rec_do_middle_cicd_design_001_medium_01,train,do_middle_cicd_design_001,devops,middle,cicd_design,do_middle_cicd_design_001,medium
rec_do_middle_cicd_design_001_good_01,eval,do_middle_cicd_design_001,devops,middle,cicd_design,do_middle_cicd_design_001,good
rec_do_middle_cicd_design_001_strong_01,test,do_middle_cicd_design_001,devops,middle,cicd_design,do_middle_cicd_design_001,strong
rec_do_middle_cicd_design_002_empty_01,train,do_middle_cicd_design_002,devops,middle,cicd_design,do_middle_cicd_design_002,empty
rec_do_middle_cicd_design_002_weak_01,eval,do_middle_cicd_design_002,devops,middle,cicd_design,do_middle_cicd_design_002,weak
rec_do_middle_cicd_design_002_medium_01,train,do_middle_cicd_design_002,devops,middle,cicd_design,do_middle_cicd_design_002,medium
rec_do_middle_cicd_design_002_good_01,test,do_middle_cicd_design_002,devops,middle,cicd_design,do_middle_cicd_design_002,good
rec_do_middle_cicd_design_002_strong_01,train,do_middle_cicd_design_002,devops,middle,cicd_design,do_middle_cicd_design_002,strong
rec_do_middle_cicd_design_003_empty_01,train,do_middle_cicd_design_003,devops,middle,cicd_design,do_middle_cicd_design_003,empty
rec_do_middle_cicd_design_003_weak_01,test,do_middle_cicd_design_003,devops,middle,cicd_design,do_middle_cicd_design_003,weak
rec_do_middle_cicd_design_003_medium_01,eval,do_middle_cicd_design_003,devops,middle,cicd_design,do_middle_cicd_design_003,medium
rec_do_middle_cicd_design_003_good_01,train,do_middle_cicd_design_003,devops,middle,cicd_design,do_middle_cicd_design_003,good
rec_do_middle_cicd_design_003_strong_01,train,do_middle_cicd_design_003,devops,middle,cicd_design,do_middle_cicd_design_003,strong
rec_do_middle_cicd_design_004_empty_01,eval,do_middle_cicd_design_004,devops,middle,cicd_design,do_middle_cicd_design_004,empty
rec_do_middle_cicd_design_004_weak_01,train,do_middle_cicd_design_004,devops,middle,cicd_design,do_middle_cicd_design_004,weak
rec_do_middle_cicd_design_004_medium_01,test,do_middle_cicd_design_004,devops,middle,cicd_design,do_middle_cicd_design_004,medium
rec_do_middle_cicd_design_004_good_01,train,do_middle_cicd_design_004,devops,middle,cicd_design,do_middle_cicd_design_004,good
rec_do_middle_cicd_design_004_strong_01,train,do_middle_cicd_design_004,devops,middle,cicd_design,do_middle_cicd_design_004,strong
